[{"model": "hospital.department", "pk": 1, "fields": {"name": "Dermatology Department"}}, {"model": "hospital.department", "pk": 2, "fields": {"name": "Physiotherapy Department"}}, {"model": "hospital.department", "pk": 3, "fields": {"name": "Cardiology Department"}}, {"model": "hospital.doctor", "pk": 1, "fields": {"password": "pbkdf2_sha256$600000$M2vBVZ3ILm7rsV34GyNtLw$K+0vBAuGdFwqKea/AP6fyw6ClBYaf26QrokPJcsPTy0=", "last_login": "2023-10-02T12:03:34.784Z", "is_superuser": true, "username": "hospital.admin", "first_name": "", "last_name": "", "email": "hospital.admin@admin.com", "is_staff": true, "is_active": true, "date_joined": "2023-09-29T09:27:26.448Z", "groups": [], "user_permissions": []}}, {"model": "hospital.assistant", "pk": 1, "fields": {"name": "Kendrick Faught", "room": 1}}, {"model": "hospital.assistant", "pk": 2, "fields": {"name": "Joaquin Roddick", "room": 2}}, {"model": "hospital.assistant", "pk": 3, "fields": {"name": "Jeremy Roker", "room": 3}}, {"model": "hospital.assistant", "pk": 4, "fields": {"name": "Iker Vonarx", "room": 4}}, {"model": "hospital.assistant", "pk": 5, "fields": {"name": "Summer Charland", "room": 5}}, {"model": "hospital.assistant", "pk": 6, "fields": {"name": "Gunner Borland", "room": 6}}, {"model": "hospital.assistant", "pk": 7, "fields": {"name": "Lindsey Fenoglio", "room": 7}}, {"model": "hospital.assistant", "pk": 8, "fields": {"name": "Brett Ferkel", "room": 8}}, {"model": "hospital.assistant", "pk": 14, "fields": {"name": "Otto Rith", "room": 1}}, {"model": "hospital.room", "pk": 1, "fields": {"number": "1", "department": 3}}, {"model": "hospital.room", "pk": 2, "fields": {"number": "2", "department": 3}}, {"model": "hospital.room", "pk": 3, "fields": {"number": "3", "department": 3}}, {"model": "hospital.room", "pk": 4, "fields": {"number": "4", "department": 2}}, {"model": "hospital.room", "pk": 5, "fields": {"number": "5", "department": 2}}, {"model": "hospital.room", "pk": 6, "fields": {"number": "6", "department": 2}}, {"model": "hospital.room", "pk": 7, "fields": {"number": "7", "department": 1}}, {"model": "hospital.room", "pk": 8, "fields": {"number": "8", "department": 1}}, {"model": "hospital.medicament", "pk": 1, "fields": {"name": "Nitroglycerin"}}, {"model": "hospital.medicament", "pk": 2, "fields": {"name": "Digoxin"}}, {"model": "hospital.medicament", "pk": 3, "fields": {"name": "Beta-blockers"}}, {"model": "hospital.medicament", "pk": 4, "fields": {"name": "Statins"}}, {"model": "hospital.medicament", "pk": 5, "fields": {"name": "ACE inhibitors"}}, {"model": "hospital.medicament", "pk": 6, "fields": {"name": "Diuretics"}}, {"model": "hospital.medicament", "pk": 7, "fields": {"name": "Hydrocortisone"}}, {"model": "hospital.medicament", "pk": 8, "fields": {"name": "Triamcinolone"}}, {"model": "hospital.medicament", "pk": 10, "fields": {"name": "Clobetasol"}}, {"model": "hospital.medicament", "pk": 11, "fields": {"name": "Clotrimazole"}}, {"model": "hospital.medicament", "pk": 12, "fields": {"name": "Cyclobenzaprine"}}, {"model": "hospital.medicament", "pk": 13, "fields": {"name": "Topical Analgesics"}}, {"model": "hospital.medicament", "pk": 14, "fields": {"name": "Nonsteroidal Anti-Inflammatory Drugs"}}, {"model": "hospital.medicament", "pk": 15, "fields": {"name": "Muscle Relaxants"}}, {"model": "hospital.patient", "pk": 1, "fields": {"full_name": "Anna Moon", "diagnosis": "Hypertension", "home_address": "Lviv, Maslova 7", "phone_number": "+380973312567,", "room": 2, "medicament": []}}, {"model": "hospital.patient", "pk": 2, "fields": {"full_name": "Benthe de Groot", "diagnosis": "Cardiomyopathy", "home_address": "Kiev, Main Street, 33", "phone_number": "+380976655489", "room": 1, "medicament": []}}, {"model": "hospital.patient", "pk": 3, "fields": {"full_name": "Naud Dijkstra", "diagnosis": "Arrhythmias", "home_address": "Smitsteeg 9-3 7615RD Zijdewind", "phone_number": "+31900 021795", "room": 1, "medicament": []}}, {"model": "hospital.patient", "pk": 4, "fields": {"full_name": "Lotte Bosch", "diagnosis": "Myocardial Infarction", "home_address": "Wendtweg 78-h 1435GS Bakkeveen", "phone_number": "+3140 1939706", "room": 3, "medicament": []}}, {"model": "hospital.patient", "pk": 5, "fields": {"full_name": "Tess Carroll", "diagnosis": "Pericarditis", "home_address": "Walenburgerweg, 90, Rotterdam", "phone_number": "+380962499112", "room": 3, "medicament": []}}, {"model": "hospital.patient", "pk": 6, "fields": {"full_name": "George\tBrown", "diagnosis": "Atrial Fibrillation", "home_address": "Tsentralna, 33, Omelnyk", "phone_number": "063-5135-69", "room": 3, "medicament": []}}, {"model": "hospital.patient", "pk": 7, "fields": {"full_name": "Alford\tPayne", "diagnosis": "Rheumatoid Arthritis", "home_address": "Krajcikbury, 156 Ulises Entrance", "phone_number": "912-1499-03", "room": 4, "medicament": []}}, {"model": "hospital.patient", "pk": 8, "fields": {"full_name": "Michelle\tWest", "diagnosis": "Osteoporosis", "home_address": "Soliz 20 4 0 State, Formosa", "phone_number": "034-8016-21", "room": 4, "medicament": []}}, {"model": "hospital.patient", "pk": 10, "fields": {"full_name": "Lyndon\tFowler", "diagnosis": "Cystic Fibrosis", "home_address": "Saint-Agathe, 186 Boulevard Dion", "phone_number": "839-0701-81", "room": 6, "medicament": []}}, {"model": "hospital.patient", "pk": 11, "fields": {"full_name": "Alexia\tEvans", "diagnosis": "Ankylosing Spondylitis", "home_address": "South Dakota, 942 Weber Mall", "phone_number": "726-6365-99", "room": 6, "medicament": []}}, {"model": "hospital.patient", "pk": 12, "fields": {"full_name": "Edward\tBlake", "diagnosis": "Acne", "home_address": "30429 Braun Land, Franklin", "phone_number": "+380976667743", "room": 7, "medicament": []}}, {"model": "hospital.patient", "pk": 13, "fields": {"full_name": "Rachel\tMitchell", "diagnosis": "Psoriasis", "home_address": "5431 Eriberto Plains, Mosciskiton", "phone_number": "+380956633214", "room": 7, "medicament": []}}, {"model": "hospital.patient", "pk": 14, "fields": {"full_name": "Kimberly\tNash", "diagnosis": "Vitiligo", "home_address": "Madison Lakes, New Brockhaven, Idaho 16767", "phone_number": "+380559087213", "room": 8, "medicament": []}}, {"model": "hospital.patient", "pk": 17, "fields": {"full_name": "test person", "diagnosis": "aaa", "home_address": "aaa", "phone_number": "---", "room": 1, "medicament": []}}]